Name,Country,Latitude,Longitude,Language
Bugesera,RW,-2.23456,30.14825,en
Burera,RW,-1.47394,29.83468,en
Gakenke,RW,-1.6981,29.78543,en
Gasabo,RW,-1.8847,30.13141,en
Gatsibo,RW,-1.59185,30.45535,en
Gicumbi,RW,-1.61647,30.12104,en
Gisagara,RW,-2.61811,29.85022,en
Huye,RW,-2.51704,29.69603,en
Kamonyi,RW,-2.00521,29.89817,en
Karongi,RW,-2.1296,29.36172,en
Kayonza,RW,-1.85101,30.65102,en
Kicukiro,RW,-2.00391,30.14696,en
Kirehe,RW,-2.25659,30.72617,en
Muhanga,RW,-1.93912,29.71805,en
Musanze,RW,-1.50763,29.60662,en
Ngoma,RW,-2.18532,30.46961,en
Ngororero,RW,-1.87822,29.56904,en
Nyabihu,RW,-1.65275,29.50684,en
Nyagatare,RW,-1.31455,30.37242,en
Nyamagabe,RW,-2.40819,29.46797,en
Nyamasheke,RW,-2.36154,29.14791,en
Nyanza,RW,-2.33692,29.79451,en
Nyarugenge,RW,-1.99095,30.02127,en
Nyaruguru,RW,-2.69845,29.52369,en
Rubavu,RW,-1.68126,29.32932,en
Ruhango,RW,-2.19957,29.76989,en
Rulindo,RW,-1.73828,29.99794,en
Rusizi,RW,-2.57016,29.07535,en
Rutsiro,RW,-1.9145,29.31507,en
Rwamagana,RW,-1.97281,30.35428,en
